<?xml version="1.0" encoding="UTF-8"?>
<project-private xmlns="http://www.netbeans.org/ns/project-private/1">
    <editor-bookmarks xmlns="http://www.netbeans.org/ns/editor-bookmarks/2" lastBookmarkId="0"/>
    <open-files xmlns="http://www.netbeans.org/ns/projectui-open-files/2">
        <group>
            <file>file:/C:/Users/Sonia/Documents/UNIVERSIDAD/SEPTIMO%20SEMESTRE/PROGRAMACION%20I/PROYECTO%20SEMESTRE/ProyectoProgramacionI/src/Controladores/LoginController.java</file>
            <file>file:/C:/Users/Sonia/Documents/UNIVERSIDAD/SEPTIMO%20SEMESTRE/PROGRAMACION%20I/PROYECTO%20SEMESTRE/ProyectoProgramacionI/src/Controladores/RegistroUsuarios/RegistroUsuariosController.java</file>
            <file>file:/C:/Users/Sonia/Documents/UNIVERSIDAD/SEPTIMO%20SEMESTRE/PROGRAMACION%20I/PROYECTO%20SEMESTRE/ProyectoProgramacionI/src/Login/Login.java</file>
            <file>file:/C:/Users/Sonia/Documents/UNIVERSIDAD/SEPTIMO%20SEMESTRE/PROGRAMACION%20I/PROYECTO%20SEMESTRE/ProyectoProgramacionI/src/Controladores/Administrador/AdministradorController.java</file>
            <file>file:/C:/Users/Sonia/Documents/UNIVERSIDAD/SEPTIMO%20SEMESTRE/PROGRAMACION%20I/PROYECTO%20SEMESTRE/ProyectoProgramacionI/src/Controladores/InicioSesion/InicioSesionController.java</file>
            <file>file:/C:/Users/Sonia/Documents/UNIVERSIDAD/SEPTIMO%20SEMESTRE/PROGRAMACION%20I/PROYECTO%20SEMESTRE/ProyectoProgramacionI/src/Modelo/RegistroUsuarios.java</file>
            <file>file:/C:/Users/Sonia/Documents/UNIVERSIDAD/SEPTIMO%20SEMESTRE/PROGRAMACION%20I/PROYECTO%20SEMESTRE/ProyectoProgramacionI/src/Controladores/Cliente/ClienteController.java</file>
        </group>
    </open-files>
</project-private>
